file,pos,snippet
FUKABORI_SCAN.csv,27,"keyword,start,end,file,bin
DroopCount,35780,35790,/mnt/data/FUKABORI_2025-06-08/iPad-2025-06-08/Analytics-2025-06-08-102623.ips.ca.synced,0
DroopCount,36023,36033,/mnt/data/FUKABORI_2025-06-08/iPad-2025-06-08/Analytics-2025-06-08-102623.ips.ca.synced,0
DroopCount,36264,36274,/mnt/data/FUKABORI_2025-06-08/iPad-2025-06-08/Analytics-2025-06-08-102623.ips.ca.synced,0
OKX,643947,643950,/mnt/data/FUKABORI_2025-06-08/H/My-Viettel-App-MDM.pdf,600000
..."
FUKABORI_SCAN.csv,140,"keyword,start,end,file,bin
DroopCount,35780,35790,/mnt/data/FUKABORI_2025-06-08/iPad-2025-06-08/Analytics-2025-06-08-102623.ips.ca.synced,0
DroopCount,36023,36033,/mnt/data/FUKABORI_2025-06-08/iPad-2025-06-08/Analytics-2025-06-08-102623.ips.ca.synced,0
DroopCount,36264,36274,/mnt/data/FUKABORI_2025-06-08/iPad-2025-06-08/Analytics-2025-06-08-102623.ips.ca.synced,0
OKX,643947,643950,/mnt/data/FUKABORI_2025-06-08/H/My-Viettel-App-MDM.pdf,600000
..."
FUKABORI_SCAN.csv,253,"keyword,start,end,file,bin
DroopCount,35780,35790,/mnt/data/FUKABORI_2025-06-08/iPad-2025-06-08/Analytics-2025-06-08-102623.ips.ca.synced,0
DroopCount,36023,36033,/mnt/data/FUKABORI_2025-06-08/iPad-2025-06-08/Analytics-2025-06-08-102623.ips.ca.synced,0
DroopCount,36264,36274,/mnt/data/FUKABORI_2025-06-08/iPad-2025-06-08/Analytics-2025-06-08-102623.ips.ca.synced,0
OKX,643947,643950,/mnt/data/FUKABORI_2025-06-08/H/My-Viettel-App-MDM.pdf,600000
..."
FUKABORI_keyword_counts.csv,14,"keyword,count
DroopCount,3
OKX,1
..."
FUKABORI_file_keyword_counts.csv,168,"file,keyword,count
/mnt/data/FUKABORI_2025-06-08/H/My-Viettel-App-MDM.pdf,OKX,1
/mnt/data/FUKABORI_2025-06-08/iPad-2025-06-08/Analytics-2025-06-08-102623.ips.ca.synced,DroopCount,3
..."
FUKABORI_bin_counts.csv,20,"bin,keyword,count
0,DroopCount,3
600000,OKX,1
..."
Analytics-2025-06-08-102623.ips.ca.synced,35780,"alue_MaximumDischargeCurrent"":-4004,""last_value_MaximumFCC"":7868,""last_value_MaximumOverChargedCapacity"":282,""last_value_MaximumOverDischargedCapacity"":-47,""last_value_MaximumPackVoltage"":4352,""last_value_MaximumQmax"":8129,""last_value_MaximumRa0_8"":75,""last_value_MaximumRa8"":72,""last_value_MaximumTemperature"":416,""last_value_MinimumDeltaVoltage"":2,""last_value_MinimumFCC"":6431,""last_value_MinimumPackVoltage"":3330,""last_value_MinimumQmax"":7713,""last_value_MinimumRa0_8"":36,""last_value_MinimumRa8"":5..."
Analytics-2025-06-08-102623.ips.ca.synced,36023,"a0_8"":75,""last_value_MaximumRa8"":72,""last_value_MaximumTemperature"":416,""last_value_MinimumDeltaVoltage"":2,""last_value_MinimumFCC"":6431,""last_value_MinimumPackVoltage"":3330,""last_value_MinimumQmax"":7713,""last_value_MinimumRa0_8"":36,""last_value_MinimumRa8"":50,""last_value_MinimumTemperature"":222,""last_value_NCCMax"":0,""last_value_NCCMin"":0,""last_value_NominalChargeCapacity"":6832,""last_value_OriginalBattery"":0,""last_value_QmaxCell0"":7732,""last_value_QmaxUpdFailCount"":10356,""last_value_QmaxUpdSuccess..."
Analytics-2025-06-08-102623.ips.ca.synced,36264,"ue_MinimumRa8"":50,""last_value_MinimumTemperature"":222,""last_value_NCCMax"":0,""last_value_NCCMin"":0,""last_value_NominalChargeCapacity"":6832,""last_value_OriginalBattery"":0,""last_value_QmaxCell0"":7732,""last_value_QmaxUpdFailCount"":10356,""last_value_QmaxUpdSuccessCount"":13,""last_value_RDISCnt"":1,""last_value_RSS"":58,""last_value_RaTable_1"":50,""last_value_RaTable_10"":60,""last_value_RaTable_11"":61,""last_value_RaTable_12"":70,""last_value_RaTable_13"":105,""last_value_RaTable_14"":157,""last_value_RaTable_15"":2..."
