file,type,value
Analytics-2025-06-08-102623.ips.ca.synced,UUID,3ECC7F5E-5CD9-4D23-8431-A1DE37FD3D68
Analytics-2025-06-08-102623.ips.ca.synced,UUID,7aa1add0-ce28-4def-b223-aa5a314fe285
Analytics-2025-06-08-102623.ips.ca.synced,UUID,e254bc1c-e255-4859-8acf-15687c565dee
Analytics-2025-06-08-102623.ips.ca.synced,UUID,c5f6bba2-07b7-4003-a32c-8cfefdc345f5
Analytics-2025-06-08-102623.ips.ca.synced,UUID,c5f6bba2-07b7-4003-a32c-8cfefdc345f5
Analytics-2025-06-08-102623.ips.ca.synced,UUID,c5f6bba2-07b7-4003-a32c-8cfefdc345f5
Analytics-2025-06-08-102623.ips.ca.synced,UUID,c5f6bba2-07b7-4003-a32c-8cfefdc345f5
Analytics-2025-06-08-102623.ips.ca.synced,UUID,c5f6bba2-07b7-4003-a32c-8cfefdc345f5
Analytics-2025-06-08-102623.ips.ca.synced,UUID,c5f6bba2-07b7-4003-a32c-8cfefdc345f5
Analytics-2025-06-08-102623.ips.ca.synced,UUID,c5f6bba2-07b7-4003-a32c-8cfefdc345f5
Analytics-2025-06-08-102623.ips.ca.synced,UUID,04df0e6c-25dd-4bf7-a534-3b58099e5c15
Analytics-2025-06-08-102623.ips.ca.synced,UUID,04df0e6c-25dd-4bf7-a534-3b58099e5c15
Analytics-2025-06-08-102623.ips.ca.synced,UUID,04df0e6c-25dd-4bf7-a534-3b58099e5c15
Analytics-2025-06-08-102623.ips.ca.synced,UUID,5cfa4c9e-032d-4459-8ead-109add7f48b2
Analytics-2025-06-08-102623.ips.ca.synced,UUID,09b7f70d-4749-49dc-97fc-740bd211b67e
Analytics-2025-06-08-102623.ips.ca.synced,UUID,0a8e057e-9486-45ab-ba91-71460c18d399
Analytics-2025-06-08-102623.ips.ca.synced,UUID,c99823e1-89ab-475f-8393-0560242f5bea
Analytics-2025-06-08-102623.ips.ca.synced,UUID,b93fbb5b-23ba-400c-b5d7-b554eb22c428
Analytics-2025-06-08-102623.ips.ca.synced,UUID,5bc2ade8-9fdd-471f-9f8a-44fe168e2e73
Analytics-2025-06-08-102623.ips.ca.synced,UUID,2e657263-26f0-4daa-895f-f4f4bc3bbef6
Analytics-2025-06-08-102623.ips.ca.synced,UUID,f2d3e22e-477c-4036-a773-e7be597c4c76
Analytics-2025-06-08-102623.ips.ca.synced,UUID,4a5a6293-af66-4f78-b379-cafec8d80fd8
Analytics-2025-06-08-102623.ips.ca.synced,UUID,b6073b98-918e-4f78-8833-b7cbac0fcab1
Analytics-2025-06-08-102623.ips.ca.synced,UUID,136667fb-ddef-4465-b2ba-94980ed49b1c
Analytics-2025-06-08-102623.ips.ca.synced,UUID,7059ae0f-8b7a-4e02-b7c8-70e731dc6c7d
Analytics-2025-06-08-102623.ips.ca.synced,UUID,322a97b1-760b-4aef-a064-dec6b30aa5e3
Analytics-2025-06-08-102623.ips.ca.synced,UUID,68740d0a-7235-4076-a154-3c53ca0dec6d
Analytics-2025-06-08-102623.ips.ca.synced,UUID,ce6c719c-4b4b-4418-b98a-718a3bcdcaaf
Analytics-2025-06-08-102623.ips.ca.synced,UUID,ce6c719c-4b4b-4418-b98a-718a3bcdcaaf
Analytics-2025-06-08-102623.ips.ca.synced,UUID,8932fa9b-40e0-46d4-97c2-b9cdb75e0d1e
Analytics-2025-06-08-102623.ips.ca.synced,UUID,899a30c2-4c8d-45ab-91aa-1dafc6c0fa9a
Analytics-2025-06-08-102623.ips.ca.synced,UUID,cf713e5a-db66-4466-99de-0e2b4f4cb622
Analytics-2025-06-08-102623.ips.ca.synced,UUID,3336b080-f677-44e2-8fc5-e0ebcaca9cb7
Analytics-2025-06-08-102623.ips.ca.synced,UUID,1fb35f28-4e43-43b2-8c73-2557466114f0
Analytics-2025-06-08-102623.ips.ca.synced,UUID,c982b5b0-2071-42e3-b659-c6d2fb45118c
Analytics-2025-06-08-102623.ips.ca.synced,UUID,00c62685-78f3-4a29-8dfc-4d1c635af9c9
Analytics-2025-06-08-102623.ips.ca.synced,UUID,184a1829-da9d-4f81-bbe2-fb8aa6924915
Analytics-2025-06-08-102623.ips.ca.synced,UUID,63d1fd92-2971-449e-a993-825b578e69f6
Analytics-2025-06-08-102623.ips.ca.synced,UUID,f72020a5-e17d-47b4-8409-0a8dbf68da10
Analytics-2025-06-08-102623.ips.ca.synced,UUID,cf6cae75-6470-4aad-8665-fba5e432722a
Analytics-2025-06-08-102623.ips.ca.synced,UUID,3c8f638f-d492-465e-9e27-546a163beac9
Analytics-2025-06-08-102623.ips.ca.synced,UUID,b5427173-7342-4a02-b223-56969d089ca1
Analytics-2025-06-08-102623.ips.ca.synced,UUID,b55e27f0-db8b-42df-90ac-a7301306e537
Analytics-2025-06-08-102623.ips.ca.synced,UUID,4e704683-8565-48e8-a71f-22db469ff4a8
Analytics-2025-06-08-102623.ips.ca.synced,UUID,bd4155b5-f133-442a-b544-850aa4b21d0c
Analytics-2025-06-08-102623.ips.ca.synced,UUID,ff45bd11-5bf0-4e73-a9be-e71b76b00d1f
Analytics-2025-06-08-102623.ips.ca.synced,UUID,0a09c516-4ae3-4565-a8ac-6098e22a0e53
Analytics-2025-06-08-102623.ips.ca.synced,UUID,e63c473a-a9b7-4357-91bf-8d7c8df6ff61
Analytics-2025-06-08-102623.ips.ca.synced,UUID,7279f076-11ec-47fc-ae4f-e20de68bfc73
Analytics-2025-06-08-102623.ips.ca.synced,UUID,b1c1445f-f42d-4375-9d2e-c87328e73df5
